label,index
4,12483
3,18209
2,10914
3,18318
2,20362
3,10805
4,12840
0,7291
0,3698
2,9230
1,17195
2,20000
2,22105
0,11499
2,2995
1,12421
3,10524
1,11759
3,17255
2,15350
2,24689
3,24518
0,16079
2,19207
3,19196
2,1438
3,22082
4,2952
0,12874
4,7074
0,12934
1,10623
2,12825
2,13998
1,6349
3,479
2,12444
3,10541
2,25640
2,1808
1,19
0,25580
3,9344
2,12555
2,20034
1,568
1,25852
0,8766
4,4872
0,16612
4,8737
0,14597
0,23402
0,277
3,24322
3,16461
1,11190
2,21966
1,23923
3,8515
0,23620
2,7868
4,6687
3,24151
3,11250
3,144
2,9628
2,14475
0,24316
2,4957
0,14871
2,3174
3,11157
3,23436
0,21422
2,14723
3,4605
0,14820
0,11106
3,13392
2,6640
2,8851
3,22529
4,23645
1,10048
0,21600
2,21591
0,14501
3,14690
1,24165
0,23917
0,23614
0,6433
3,8461
4,18547
2,23744
1,1092
4,1303
4,11225
4,23907
0,25188
0,14511
0,24175
0,21913
2,13371
3,22539
2,10058
2,1030
3,24217
2,14673
0,6710
2,18827
4,193
3,18724
3,14830
0,313
4,8482
0,23426
4,17999
2,4947
2,21867
3,11300
3,11091
0,13345
0,24141
3,294
4,18423
3,8505
3,11351
0,15758
0,23630
0,23552
3,24332
0,11033
0,4973
1,8667
2,327
1,6936
2,6635
3,14587
0,14496
3,16901
4,8636
1,18650
2,11122
3,3290
3,58
2,2463
1,9214
3,9185
0,7097
2,578
3,20024
1,20164
0,21199
3,14109
0,25601
2,25590
3,25481
2,15374
0,1818
2,10551
0,12454
2,7035
2,6359
0,19390
3,10633
2,7064
2,2490
1,22092
4,20101
3,24699
2,23368
0,2546
0,19186
0,19217
3,12460
2,3929
1,5266
2,11749
0,2686
1,10534
2,12431
0,11718
2,22115
0,10656
0,7050
2,12910
4,18308
1,10607
2,15162
4,12801
2,17067
0,7390
0,5295
3,17127
1,10747
2,12821
0,2847
3,18268
4,22086
3,25577
0,2715
1,7070
3,12411
0,12780
4,10685
3,25584
0,24579
2,20030
0,22135
3,25856
0,25644
2,12440
3,10545
4,15220
0,11629
0,15360
3,10794
3,6328
4,12596
4,20366
2,22263
2,20226
0,1799
2,22323
3,6268
1,9296
3,1688
2,7015
2,12815
4,10613
0,13658
0,21339
0,12534
2,29
4,21279
0,19203
2,9325
2,2552
2,20004
0,558
2,25862
1,22101
2,12565
2,12425
0,2991
2,13147
3,11293
3,11102
3,24192
1,4953
0,11013
2,1135
3,247
0,4481
2,11153
4,13056
0,307
1,16680
3,23610
0,23913
4,125
1,13274
4,23641
4,3303
3,24161
2,23802
3,14505
0,14602
0,14593
1,18584
2,5508
1,16647
0,22929
3,2368
2,4775
1,13033
1,6973
0,4936
1,14482
1,8400
4,24155
3,10138
2,23735
3,21630
0,21962
2,13091
0,10169
0,23624
0,6792
0,22548
2,11345
2,6782
0,6413
2,23634
0,17659
2,24054
4,8690
4,8501
2,4984
0,22558
2,17488
1,19908
0,10179
3,16475
1,13201
3,150
3,18476
0,22698
2,11095
0,24145
2,21923
1,6693
3,13163
2,14800
3,16905
2,18817
4,4765
3,16845
2,11126
2,24227
2,24336
0,5689
3,23556
0,8820
2,323
2,13072
4,6932
1,24171
1,12019
3,16781
0,23651
0,21857
4,15739
1,13235
1,20529
1,16441
4,18782
0,23422
1,13046
3,7429
3,14865
2,4943
3,1034
4,16871
3,6817
2,7478
3,14737
1,18823
3,10530
2,12435
0,7276
1,22111
3,20014
4,1828
2,19213
0,17301
0,13499
3,39
2,12805
0,6369
3,12646
4,7005
0,17123
0,1698
0,7285
3,12854
2,1789
4,10652
4,10811
3,15370
3,25485
2,10784
4,19367
2,10555
4,12450
4,11639
4,15261
3,4198
0,2494
3,7060
2,12920
2,2806
0,3469
2,22096
4,10666
2,11998
0,9123
2,24819
0,25476
2,12831
2,12820
3,11989
2,25576
4,22087
2,10834
2,15052
1,7071
0,9163
0,24578
3,20171
0,25585
4,12410
4,10684
1,9341
3,19327
2,10455
4,9201
2,20031
2,25857
2,22134
3,15221
2,12441
3,10544
0,25645
3,19376
1,10795
3,15361
0,11768
4,20367
1,10800
2,12905
0,7294
3,1798
0,20227
0,1689
0,19020
3,2771
3,10612
3,1458
2,12814
2,12535
3,21338
0,28
0,508
1,20054
2,19202
2,2442
1,9235
1,17201
3,559
2,20005
2,22100
2,25863
4,8388
2,12424
1,18832
3,24342
3,24193
3,11103
3,14965
1,6946
3,6754
3,24313
0,4952
3,306
3,14637
4,18793
1,21817
3,23912
0,23611
0,6436
3,6576
2,16450
0,3093
1,6467
0,9588
0,23640
1,7808
2,23491
4,21605
2,14504
4,11261
1,15668
4,24160
4,1040
2,14592
2,14603
0,6620
4,14743
0,24327
3,24236
3,4774
2,14483
2,23687
2,23516
3,23984
1,3054
3,14811
3,21631
3,24154
0,4556
0,3227
2,13090
3,11344
2,22549
3,110
0,23625
2,22559
3,8500
0,23635
3,5978
0,6783
0,16474
1,17489
2,18566
0,21862
3,18477
3,151
2,11094
0,22699
2,16607
4,14493
2,1141
3,233
4,16904
1,8773
2,11127
1,8870
0,24337
1,13133
2,11036
4,16780
3,18991
0,12018
2,9749
0,24170
2,23813
0,21916
3,165
1,8565
3,21856
1,23650
0,13265
0,23423
0,23563
3,256
2,4942
1,1035
1,11282
2,23472
1,18822
3,7479
3,207
1,16930
1,13758
1,10531
2,12434
1,22281
1,22110
3,20384
0,458
0,19183
0,19212
0,1829
3,12496
2,1699
0,6368
1,1788
2,7284
4,2973
4,10810
4,19366
2,25655
0,23359
0,12451
2,25604
0,3468
4,7061
3,4199
3,22097
1,20203
0,25477
1,19395
0,12673
2,10636
0,12830
0,3788
2,12810
2,18199
4,10587
0,10804
4,20363
2,22326
4,12841
2,20001
3,11498
1,22104
1,17205
0,23268
2,12420
0,10525
2,2994
1,11758
3,19197
0,19206
4,12471
4,16078
0,24688
4,17382
4,2953
0,10970
0,12875
1,22083
2,848
2,6088
2,959
1,6348
2,17102
2,25641
2,1809
1,21248
2,12445
4,10540
3,7206
2,18
3,25581
2,569
0,20035
0,25853
1,19323
3,4933
3,16910
4,14815
3,21885
0,14596
4,18913
1,16493
1,18581
3,23891
4,24323
2,4962
3,6764
4,20829
2,23543
0,8454
3,20699
0,23621
0,14425
4,11340
0,1266
2,114
4,8405
2,24150
3,16431
0,14474
0,9629
2,15489
2,23973
0,11080
2,145
2,4956
0,14870
4,24317
0,21472
1,8941
2,6581
1,4816
2,14821
3,11107
0,10049
3,23644
0,25348
0,22528
0,13220
4,17629
1,24164
2,11265
3,14992
1,14500
4,16405
2,21601
0,23615
2,10018
0,23916
0,120
4,18556
2,1302
2,13321
0,3207
4,11224
2,3196
2,16444
2,22478
1,24174
3,23714
3,25189
3,14510
2,21751
0,22538
2,1031
3,18725
2,6711
0,23427
0,312
3,252
2,4946
3,16666
0,21462
3,11090
2,24391
3,11241
0,23631
3,295
2,24280
0,13137
1,24333
0,23553
2,6634
0,326
4,13166
4,8637
0,16603
2,14497
1,20928
0,16840
0,22120
3,20025
2,579
3,5202
0,9184
2,25591
2,25600
4,10501
0,15375
4,10882
0,25812
0,25480
2,10550
2,12455
0,1819
0,6358
3,25473
3,7034
1,10931
3,22353
3,809
2,10632
1,7065
1,22093
2,23369
2,12461
3,19216
2,19187
3,24698
3,24509
0,22005
2,25826
1,5267
3,9361
2,10535
4,12430
3,7273
2,22114
2,9143
0,18309
0,7051
2,1
4,20262
4,5294
2,19615
4,20692
2,3228
2,17496
0,22546
3,4788
1,10136
1,20552
0,20630
2,22735
3,5786
1,20873
2,4938
1,15560
3,19437
0,2366
0,25044
2,5590
0,22523
3,10042
1,9616
3,25192
2,21909
0,25083
3,19621
4,9496
3,21479
0,12274
4,9525
3,10371
1,17983
0,20655
2,309
4,8709
3,22750
3,14638
0,12225
0,9574
1,8618
0,5423
1,15505
0,22701
0,25161
4,9434
3,17892
3,4141
2,21366
0,556
3,1764
1,13844
4,16022
0,27
3,21337
1,16133
4,11850
0,11753
0,24683
0,1735
2,13815
3,24730
2,13534
3,1686
0,3880
3,21115
3,16080
3,18312
4,20368
2,24761
4,85
0,21395
4,8374
3,1406
4,1797
3,20228
1,1701
2,1802
3,13821
3,11924
3,1942
2,13
0,2428
1,11767
2,1641
1,18015
0,1750
3,14113
3,13930
0,1913
2,25858
0,562
2,21170
2,25579
3,22088
0,24584
0,24755
2,10629
0,22348
2,3566
0,8251
2,13500
3,24704
0,2849
0,21061
3,952
4,16265
0,17119
3,24714
0,25478
1,6353
0,8301
2,13541
0,581
0,3467
0,24745
0,4196
4,6093
3,25569
4,10668
3,24605
0,24594
2,22098
4,11504
2,16146
3,1903
3,5198
1,572
2,13623
3,1740
0,1843
3,16286
2,1651
2,1711
2,1480
0,4074
0,13831
0,1812
2,1787
3,1556
4,18302
4,16181
3,21385
0,95
3,12499
2,21294
3,1696
0,24720
3,12648
2,16241
2,6367
1,1725
3,24693
3,1826
3,13805
0,37
3,1665
0,3760
3,406
1,1774
0,3832
3,1634
0,22480
3,22711
1,7536
2,15515
2,25171
3,7476
4,20754
0,13159
3,22740
0,13048
0,20645
3,21469
3,22600
3,8659
3,6848
3,7427
1,7846
4,15865
0,25182
0,22533
0,21859
4,17632
0,15834
0,25054
3,5516
2,24338
0,12190
2,18819
0,24229
2,22725
2,11128
2,20620
0,10244
1,23968
0,22696
3,18478
3,12023
1,25227
2,7771
0,5674
4,25276
2,19605
3,17717
3,17486
4,15931
4,25256
2,17925
0,22527
1,15663
4,16898
2,25207
4,12003
3,10106
4,9570
2,25165
3,22705
3,11108
4,7522
2,4959
1,5536
0,24318
0,2356
0,25074
2,20651
2,17851
3,6689
3,17612
1,17492
0,19611
4,7926
3,17800
0,25322
3,6798
3,22542
3,21509
2,19573
3,14599
0,279
1,8679
0,25040
2,20826
3,7516
0,20634
2,22731
0,21418
4,9544
3,11971
2,3651
0,1754
0,24573
0,7318
4,13637
3,566
4,13934
0,1806
0,21247
1,1705
3,11763
4,13666
4,1645
0,17
3,24640
3,6196
0,4302
1,6347
0,24700
3,8255
4,20098
0,24580
0,8344
0,9028
0,21174
2,24751
1,11757
1,1671
1,3877
3,23
1,19349
0,2558
2,19209
2,19198
2,13811
3,3937
2,13712
3,1731
2,24687
0,11497
1,18074
3,552
0,5229
1,72
4,1863
4,8012
0,1760
2,21391
2,3696
4,1793
3,6262
4,16344
1,6373
2,1682
0,24734
3,2939
3,16084
0,4336
2,10619
1,23004
0,16094
0,24724
0,17129
4,1692
0,24635
0,1783
2,91
0,4237
3,14080
1,18306
0,793
0,1770
1,62
1,13801
1,1822
2,19188
4,19219
3,24697
2,1721
2,13493
0,11596
2,1661
0,21323
0,33
1,4104
3,14325
2,24741
1,20348
1,585
0,13405
2,754
3,24590
3,24601
4,16360
1,857
4,21075
0,6357
4,13514
3,18363
3,24710
0,15158
3,4312
2,21135
4,1655
3,11773
4,1816
0,13835
2,1715
1,576
3,56
1,4161
0,21197
4,1744
3,14498
1,20927
4,22721
2,6969
3,20624
0,20735
2,12254
0,25050
3,14589
2,25110
0,12085
4,13078
2,12136
2,22552
1,9824
2,10173
2,19601
3,20894
0,22692
3,1228
0,21869
4,7724
3,17742
2,20546
0,12027
0,2197
2,22744
0,20641
2,24248
1,19885
1,4949
0,23568
2,25175
1,12371
2,19994
3,24219
1,11118
0,22715
3,20750
4,18829
4,16638
0,25035
2,22477
0,12013
2,25186
3,10056
3,7481
3,22537
1,7902
0,23909
0,19624
1,17736
2,20532
2,22526
4,12002
3,2124
1,16899
0,16629
1,15440
3,24199
0,11298
2,11109
3,22704
2,25164
4,17897
3,12271
0,24319
2,4958
2,11018
0,20650
4,11158
4,17454
0,6688
2,17850
2,17910
2,12067
0,19610
0,17801
1,17493
3,1268
0,9676
0,2390
4,17941
2,14598
0,19572
0,10200
0,25041
4,17520
0,7797
4,20635
2,22730
0,25010
2,20876
1,15474
2,12888
0,24572
0,1755
0,6135
2,14056
2,4170
3,11733
0,567
2,7319
0,1704
0,1807
1,6024
2,16
1,11762
0,1644
1,13667
2,4303
2,714
3,24701
0,9029
0,21175
2,8345
1,20219
3,24750
1,18323
2,22
0,21332
0,1973
2,3876
2,11756
1,1670
2,24686
0,1730
0,13810
4,11915
0,19199
3,19208
1,3827
3,553
2,1761
4,4004
0,10709
0,21390
4,2969
2,11525
0,1792
1,18257
0,24735
2,17138
0,1683
2,6372
4,10589
0,25509
0,2928
0,13461
3,11564
3,8330
0,1693
1,24725
0,1990
3,1782
0,2839
1,18307
1,22278
2,11475
1,90
1,1771
3,792
0,1720
3,24696
2,19218
0,19189
3,1823
2,13800
1,19358
0,32
0,1660
0,584
2,615
0,24740
4,21025
2,16221
3,24600
3,24591
3,20209
1,13795
3,24711
2,13515
2,11781
1,6356
2,21134
1,18222
3,16283
4,14017
4,13974
3,1654
0,24533
0,1714
1,3912
2,13834
0,1817
0,13925
3,57
4,13626
1,577
0,21196
2,11960
4,14499
1,17421
0,22720
3,20625
2,19533
0,25051
2,12084
1,14588
0,22553
3,15757
3,20984
3,10172
4,2151
2,19600
1,9825
3,17483
0,21868
1,17592
0,22693
0,20895
3,10123
0,5863
2,25222
2,22745
4,20640
2,2347
2,4948
2,22594
4,20700
3,15790
2,24309
1,22714
2,11119
2,4859
0,19995
3,24218
4,9421
0,12370
1,25174
0,25034
3,25187
2,22536
3,7480
1,19826
4,17637
2,10057
3,5917
1,9592
4,9603
2,15831
3,7903
4,19937
2,5494
2,23908
0,22567
1,10397
4,17706
4,7620
1,18578
0,19614
3,22547
3,4418
0,5634
0,15712
2,15483
2,20413
2,20631
2,22734
3,4939
1,5556
3,20872
4,10195
2,20660
1,5447
2,24329
3,25045
1,9617
0,10043
0,22522
1,15666
2,12006
3,17860
0,15874
2,19620
0,308
2,20654
0,22751
4,8708
4,188
1,13148
0,8619
0,10261
0,25160
0,22700
2,15504
0,557
0,1926
3,11800
1,13845
3,14126
0,885
2,1765
2,11752
2,1674
0,26
1,13814
3,13486
0,1734
3,24682
0,967
0,8264
2,1687
0,24731
3,16081
3,21394
2,24760
3,18313
3,1796
0,6267
1,13820
0,1803
0,11925
0,24527
2,8072
0,1700
2,1640
1,5249
0,12
3,16106
0,1751
2,24576
0,25859
0,563
0,43
0,22089
2,1433
1,25578
0,21171
3,1573
3,601
3,24754
3,4307
4,24705
3,25479
1,6352
4,14371
4,24715
0,24655
2,4197
0,24744
3,580
2,22099
0,24604
4,10669
1,11997
3,573
1,16147
4,1741
4,3644
4,5259
3,1650
1,11776
2,1813
2,13830
0,1710
0,1786
0,11531
1,9398
3,21384
3,18303
2,21295
0,837
3,4263
3,6366
0,24721
0,1697
0,13804
3,1827
2,24692
0,1724
1,1664
0,36
1,6004
2,4010
3,1775
3,4150
2,22813
0,25170
0,17883
1,15514
0,17780
0,22710
2,13018
3,209
0,7477
1,12234
1,9474
3,22741
0,20644
3,17440
3,8658
3,22601
3,258
3,20807
2,7604
2,17870
2,25183
0,15835
3,21858
3,22532
1,4978
0,24339
1,5985
3,25055
2,16718
0,24279
1,18818
4,12200
1,9411
3,10245
0,22724
1,20621
0,22697
1,25226
2,4408
2,19744
1,15753
0,22557
2,17487
2,19604
0,12073
1,17686
3,15783
3,18629
3,20653
4,2305
0,10326
1,20841
2,17797
1,15503
3,22707
2,25167
0,22525
3,25345
2,23649
2,23498
1,24169
0,9853
0,23618
2,12050
3,20636
3,1018
2,22733
2,17432
1,15477
0,25042
2,14849
0,19613
2,9735
1,13308
3,17490
0,119
0,22540
0,17942
3,17853
1,148
3,21176
0,8346
3,13417
0,24582
1,12938
3,24753
1,597
0,16232
2,6194
3,13446
2,24702
4,16263
2,1707
3,12448
0,1804
2,13827
1,11761
2,1647
4,1756
3,13876
4,9348
3,564
3,20038
3,24736
0,1680
3,6371
2,3886
0,19029
3,21393
0,1791
3,13423
1,22109
0,550
0,8381
0,1762
1,10528
2,10439
1,21
2,3875
3,11755
0,1673
2,24685
4,18167
2,1733
3,13710
1,13813
4,1830
4,11916
4,1723
3,24695
0,1820
0,13803
1,4106
3,13943
2,31
2,1663
3,1772
4,18126
2,6283
3,10538
3,22119
4,1781
0,18304
3,622
0,21383
3,16307
3,23397
0,1441
0,18355
1,1690
1,24726
2,6361
2,20028
1,574
2,1746
4,3643
3,21195
2,13866
1,6126
0,1657
4,11771
2,1717
3,18143
2,3911
4,1814
2,12458
0,23350
3,24712
3,13687
0,6355
0,21137
3,24743
4,7068
4,6304
0,11990
3,24592
3,24603
3,13796
1,10120
2,21628
0,14529
3,15754
3,2012
1,7874
1,17812
2,19603
2,17480
2,13089
0,25052
3,5982
2,6639
3,15467
1,17422
3,22723
0,1399
3,20626
0,19637
2,16449
4,11229
0,22564
0,23608
0,25184
3,16418
3,23488
2,12011
2,11278
0,22535
0,24039
0,5914
3,17937
1,9591
3,15832
3,22717
2,19996
0,25177
2,25037
3,10336
2,15542
2,22746
2,20643
2,18639
1,9473
0,10367
1,22597
0,19575
2,25046
2,22834
2,20632
3,22737
3,18499
3,24159
2,5777
3,12171
0,15711
3,11318
3,11089
1,17494
1,11209
0,19757
3,5965
0,2006
0,23628
2,22544
0,5666
3,24048
0,25163
2,22703
0,1139
3,5530
1,12276
0,20657
3,25081
0,22570
2,13338
3,19623
1,10151
3,21748
3,22521
4,25190
3,14509
0,21397
4,24763
2,13567
3,18310
3,1795
3,24623
0,1684
1,12959
3,24732
2,727
3,16082
0,11751
2,1677
1,3871
2,23370
0,13817
3,11912
3,1737
1,20119
0,24681
0,554
0,1925
2,4143
2,13846
3,12429
2,3663
2,1766
3,16327
4,11895
2,2748
0,24706
3,14273
0,21172
3,19299
4,14333
2,24757
3,21181
2,25588
0,22079
1,1752
0,24575
3,560
4,18046
1,16154
0,40
2,13823
2,1800
3,10549
0,1703
0,11765
3,1643
2,11
1,10798
1,6023
4,24474
2,1653
2,6033
1,11936
0,1810
2,13833
1,1713
0,22038
1,570
2,21200
4,1742
0,8030
2,24747
3,583
2,752
0,24607
0,24596
2,5029
4,21073
1,6351
4,13980
1,24716
2,4314
2,12439
4,1636
3,13807
0,1824
1,9339
3,24691
0,1727
3,1667
2,35
0,13466
3,12809
0,21296
1,16092
3,6365
0,24722
0,7398
1,1694
3,1785
3,21387
3,24870
2,3451
0,25180
2,9604
2,22531
1,13239
2,22420
0,12044
0,7747
2,22742
0,20647
2,15797
2,7425
0,22593
3,22602
1,14869
3,25173
3,22713
2,1038
3,2080
3,23638
0,7773
1,19844
2,22554
4,11359
0,17484
0,23778
0,10175
2,19607
0,17907
3,11099
2,11308
2,22694
1,20791
1,15490
3,24398
2,24149
1,25225
1,16909
3,4769
0,22727
4,20622
3,3018
4,19425
4,25056
2,20662
2,22864
2,19574
0,25047
2,20633
2,22736
4,5886
3,10257
0,4778
4,19647
2,24158
0,11088
3,11319
4,7921
4,20691
2,17495
0,22545
0,23629
3,12226
1,20844
2,6498
0,20747
1,15446
2,15506
0,22702
0,25162
0,17891
0,8949
4,10372
0,17683
3,15786
2,20656
1,128
4,13279
1,12115
3,19622
1,9584
4,7944
0,12004
3,25191
1,25200
1,14508
2,17761
1,18311
0,12909
1,24762
2,21396
3,14097
4,12849
0,1794
2,12958
2,24733
4,1685
3,16083
2,12818
2,11750
2,1676
0,15359
0,1736
3,13816
1,4142
0,24400
0,555
0,1767
0,12428
0,13847
2,4393
0,24707
1,19389
1,24915
0,21173
2,24756
0,24574
2,22078
2,1753
3,25589
1,25618
0,21180
1,6073
0,8161
0,561
3,1702
3,10548
3,1801
3,13822
4,11764
2,1642
1,21310
0,25488
4,1652
1,18146
4,1712
0,22039
3,13832
3,1811
1,571
0,431
0,1840
3,582
2,24746
0,2708
1,6090
4,16367
4,850
3,21163
3,24597
3,24606
2,13402
2,753
3,24717
1,6350
3,4315
1,14233
0,8093
0,1777
3,6286
1,12438
4,4152
4,18063
2,1637
0,1726
3,24690
3,1825
3,13806
1,6006
0,34
3,11740
0,16093
0,12808
2,1695
0,24723
3,21046
1,3893
4,6364
4,14347
3,16353
2,1784
0,7288
2,7059
0,12919
4,18301
3,6335
0,21386
3,96
0,25181
4,10280
0,22530
1,13238
0,9605
0,12154
0,14409
2,22743
3,20646
0,19550
4,22603
3,22592
2,20497
3,15796
2,17502
3,22712
3,1039
1,20617
2,15516
3,25172
0,22555
1,19845
4,7772
2,9660
4,5974
3,2017
3,23639
1,16478
0,19606
1,17485
4,20681
0,22695
3,11309
3,11098
2,20893
0,17906
4,24148
0,17745
0,5766
1,20860
0,16908
4,7501
0,16848
2,22726
1,20623
3,25057
3,7781
0,5515
2,3019
4,7430
3,15782
4,12273
2,20652
3,22757
3,5564
1,20840
2,25166
4,20592
3,22706
4,15693
1,23648
0,10045
1,9580
0,25344
3,16549
0,22524
2,24168
0,11269
4,7940
0,23619
0,24079
4,11238
1,24139
0,19626
1,12051
0,20637
2,22732
4,17573
2,20874
2,10193
0,25043
2,17491
3,19583
0,19612
3,17943
0,22541
2,21779
1,10071
4,5931
1,149
1,8549
0,24583
2,8347
3,16373
3,24911
0,21177
0,4181
1,596
3,7079
2,24752
3,16322
1,14367
0,4241
0,24703
1,1524
1,13826
0,1805
2,4063
4,12449
2,1706
1,11760
0,1646
1,21095
4,13966
1,16291
0,1757
2,15338
0,565
3,9198
1,6370
2,3887
2,13533
2,1681
0,24737
2,5288
0,19168
0,21392
1,10808
2,1541
0,8373
2,1790
3,6261
4,4364
2,22108
0,551
1,71
0,25768
1,13843
0,10529
4,2998
4,1763
1,11754
0,1672
1,16134
2,1831
2,13812
3,11917
4,11614
1,13711
1,1732
2,13480
3,24684
2,13802
3,1821
1,21260
0,23365
2,1722
3,1662
3,30
3,10539
0,4387
1,1773
0,541
2,22118
0,24636
3,5389
2,1780
1,16357
4,21382
2,18305
2,11477
1,18185
0,5049
2,21293
3,23396
0,14192
2,6360
0,24727
3,1691
1,575
1,20029
2,55
4,23240
3,9188
0,1747
2,20169
2,1656
3,11770
4,12459
0,23351
2,3910
1,11933
0,1815
3,1716
2,23173
0,13985
1,6354
3,24713
4,12838
3,497
0,21136
3,24742
1,7069
1,13797
0,24602
0,24593
2,17902
0,2042
2,15807
3,22691
2,14528
0,21629
0,5673
4,8699
0,22551
2,299
0,13088
3,17481
0,19602
0,1289
1,15437
3,7785
2,19420
0,25053
0,25113
0,21988
0,14918
2,9557
1,9417
4,22722
0,20627
0,1398
4,17724
1,16448
3,12041
3,7901
0,23609
4,15670
3,5756
3,24178
2,12010
0,25185
0,10055
0,15833
4,17635
4,11339
0,22534
2,25176
2,12372
1,15512
2,19997
3,22716
2,25036
2,22747
0,20642
1,15403
3,17697
2,22596
0,25067
3,15222
2,12442
3,10547
1,10796
4,15362
2,12990
2,22077
2,25586
1,9342
2,19324
3,25854
4,22084
0,12872
3,24759
2,7072
1,19157
0,12823
0,24708
3,25860
1,22103
0,1768
3,2993
1,12427
0,12536
0,1679
2,17253
2,1739
2,19201
1,10852
4,2772
3,14189
4,20364
3,10803
0,12906
1,10700
4,12846
0,20224
0,21845
2,8576
3,11322
2,23643
0,21606
4,11262
1,24163
2,1255
1,127
0,23911
0,23612
2,6435
3,21657
2,21954
4,11233
0,21475
3,24081
3,24310
4,4951
3,3172
1,4811
2,20659
2,6586
0,6617
2,18831
4,214
4,20748
3,24341
2,24190
1,16863
3,11100
0,12369
0,19619
0,8981
0,23626
3,16436
1,24157
0,11256
3,1230
3,24386
0,14473
4,22739
3,4874
1,6971
3,24235
2,10258
2,18805
0,23515
3,4934
4,14812
3,6920
4,13060
2,14600
3,14591
1,16705
2,25048
3,8671
2,24324
0,6773
2,23554
2,24334
3,4975
0,21511
2,23785
4,14581
2,6633
2,8933
0,14490
1,1142
3,230
3,16907
0,16847
3,11124
4,22729
2,18955
0,21861
3,152
2,11097
4,11246
2,24147
2,23824
2,292
3,23636
0,16477
3,19609
0,18565
3,1036
0,11110
2,24211
0,16630
0,20649
4,13044
0,315
0,16822
3,11141
3,21525
4,9539
0,13295
1,16962
0,4941
0,11223
3,3200
0,21804
0,21587
1,24173
0,21915
2,13377
3,11332
0,21855
2,6474
2,8368
0,17170
1,9144
0,21389
2,1729
4,12466
3,19211
3,13809
1,19351
2,1669
0,1778
0,10532
2,12437
1,22113
3,1638
1,15086
1,24718
2,25474
3,12833
4,7062
0,12922
0,24749
4,10664
0,9030
3,15290
3,2944
0,24609
3,24598
1,22094
2,4169
3,20022
1,12891
3,12792
0,25487
0,3758
3,5254
3,3618
0,22036
0,12452
4,2886
3,19205
0,20002
2,22107
0,25864
2,4149
2,12423
0,10526
4,9372
0,2997
1,10807
0,12902
3,12842
3,24738
0,2875
2,12813
3,12786
3,25582
1,25613
0,1758
3,22133
3,13938
4,25642
3,13829
0,12446
3,10543
4,1649
2,6029
0,12876
2,22080
2,12775
0,21178
2,10833
4,24153
0,6514
3,14477
1,7738
3,9929
0,146
0,23622
3,6405
4,9459
2,14595
2,14604
4,18910
3,24320
2,4961
1,8675
4,14744
3,12359
4,7988
0,24231
4,20638
2,12219
2,14484
2,16610
0,23616
0,23915
2,13272
4,11237
4,3214
3,23647
0,2069
2,17929
2,14443
3,11326
2,24167
2,11266
0,14503
3,21602
0,21593
4,18835
3,25029
0,25169
2,11104
1,4844
0,22709
2,17799
0,24205
2,11015
1,4955
4,1133
3,13281
0,24314
2,17519
3,23424
0,6603
0,14620
4,311
2,22748
2,4945
2,22599
1,16665
0,25179
1,4757
3,16774
0,23475
3,24215
0,17418
3,19998
4,6951
0,1032
0,22719
0,18726
0,25039
3,18825
0,5759
3,24177
4,2139
4,17939
4,23657
1,5588
2,1301
3,23606
2,16696
0,4524
2,13165
0,16903
1,3043
2,16600
3,14494
3,20628
3,11120
0,24221
1,8665
1,4971
4,24330
0,21455
4,6777
1,18592
2,325
0,23632
2,24052
0,296
3,11353
2,13087
3,24283
0,11093
2,21865
0,21925
0,387
0,14527
4,14329
2,12926
1,7066
4,618
1,589
2,22090
4,20195
1,13798
4,10660
3,21168
2,19392
0,13458
1,10631
4,10881
2,1659
4,13979
3,25483
3,19361
0,12456
3,25652
0,1719
4,5081
3,1599
0,20026
1,7095
3,17222
3,5201
4,9187
2,13868
2,1748
3,2
3,16098
2,12640
1,7392
4,5297
3,24728
3,12751
2,12580
4,11478
2,12912
0,2684
3,10536
2,12433
4,11959
1,22117
0,20383
0,12462
2,19184
2,19215
4,20103
0,25825
0,20043
2,15342
4,19344
0,19195
3,19204
3,9322
1,17207
2,20392
3,20003
2,22106
2,3668
0,22046
0,2996
2,12422
0,2695
0,10527
0,20361
1,10806
0,15060
0,12903
1,12591
1,5286
1,10857
2,24739
3,10917
3,15171
3,1759
3,25583
4,10682
3,6079
3,20037
3,22132
2,25851
3,1708
0,12447
3,10542
2,13828
4,13968
0,1648
0,2900
0,12826
3,14369
1,19103
3,21179
4,10671
0,9025
2,22310
1,22081
0,17011
0,15054
2,13558
2,16433
3,7679
0,24152
3,147
3,16462
3,24292
2,23860
4,8687
2,116
0,23623
2,14605
3,14594
4,8837
2,21444
2,4960
0,24321
4,11131
3,4871
3,16852
4,20639
0,13034
1,18643
4,14714
2,16611
2,23510
2,16912
3,14817
0,225
1,8522
2,18795
2,14881
0,23914
0,23586
2,23617
3,2039
4,3215
0,1081
4,8573
0,23646
0,14502
2,24166
2,23524
0,6800
0,22708
1,16866
2,11105
3,25168
1,16765
4,18865
2,24315
2,4954
3,11014
0,22619
2,13280
3,18626
0,23435
1,14631
0,310
0,22749
2,8813
0,23425
1,22598
2,4944
1,341
3,1033
0,22718
3,24214
0,19999
4,25178
2,16635
0,25038
2,18824
2,21431
1,14512
2,24176
3,13232
3,11337
2,21753
0,21801
0,1240
3,3345
4,11366
2,17969
4,23607
0,16601
3,14495
2,13164
1,3042
3,15468
3,24220
1,1396
0,20629
2,11121
1,12348
1,9419
4,12259
1,24331
0,15439
4,8664
0,324
4,3153
3,21685
3,12319
3,297
0,8506
2,4983
4,11352
3,23930
3,23633
0,24282
0,21864
2,11092
4,3320
0,21627
3,6505
2,14526
3,386
0,21924
0,7067
1,10822
3,10661
2,21169
3,2941
1,22091
1,13799
4,14379
2,19393
4,10630
3,21138
1,14239
3,25531
0,2910
3,10783
2,19360
2,1658
4,10880
4,5080
2,1718
0,9306
2,12457
0,5200
2,20027
4,1749
1,10692
3,12797
2,10604
3,15161
2,3
3,24729
3,17124
2,12750
3,11539
0,7282
3,5387
4,18129
4,4018
2,10537
3,2685
3,12432
0,22116
4,17186
1,5325
1,19214
2,19185
1,10426
0,2897
0,20042
2,12443
3,9312
2,10546
0,15363
1,10797
4,19265
4,10686
3,25587
0,11978
3,22076
2,20033
2,25855
2,2474
2,24589
0,22085
2,10675
3,2656
3,24758
1,7073
0,12933
3,17044
2,10927
0,12822
3,16328
1,19016
3,24709
4,11799
2,22102
0,25861
1,15097
3,6298
1,12426
3,9377
0,2992
3,1769
0,22042
3,15357
2,1678
2,13958
1,9266
4,13818
0,1738
1,10853
2,13479
3,10610
0,25400
2,12604
2,21398
1,10802
4,20365
1,8239
2,20225
0,10641
2,23642
3,4560
3,11323
0,13226
0,21844
0,24162
1,11263
0,14506
0,21607
0,6434
2,23613
0,23910
3,126
0,14885
4,11232
2,20489
2,24311
0,24080
2,23431
1,4810
3,20658
4,13055
3,24340
2,20749
0,18830
1,14724
3,16621
2,23520
3,11101
3,24191
0,19618
0,23627
2,8512
1,13243
3,392
2,24156
3,19649
3,8891
4,16437
1,24387
3,143
4,22738
3,4935
4,16916
3,14813
3,16615
2,10199
2,14590
1,14601
0,23897
4,24325
0,25049
0,4974
1,24335
3,23555
2,13160
1,22668
0,16906
2,8932
0,14491
2,10098
0,22728
2,11125
2,16846
2,21763
1,19719
3,18475
2,11096
0,24397
0,21860
0,23825
3,6993
3,23637
2,18564
0,19608
2,12378
0,14977
0,1037
2,11280
3,18723
1,9569
3,16631
3,4612
2,18820
0,23421
1,314
2,20648
3,11140
0,4940
1,7608
0,3201
4,15928
4,18882
3,14796
0,13376
2,24172
0,21914
1,18993
2,23652
1,7488
0,7286
3,13438
0,21388
0,20375
3,12917
0,20264
2,17060
4,10591
4,10600
3,12645
0,7397
0,13808
0,19210
3,20106
4,1728
1,10533
2,12436
0,1779
1,15087
2,22112
0,1639
0,25475
2,20081
3,5137
0,24719
2,12832
1,20250
2,12923
0,7063
3,24748
3,20341
2,22095
3,24599
0,5026
0,9031
4,10665
1,12760
2,4168
2,10696
2,12890
0,5255
3,25814
0,3759
2,25486
0,4139
2,19224
0,12453
0,22037
